Task_ID,Task_Name,Agent,Priority,Dependencies,Ready_Status,Status
1,Fork Langfuse Repository,Agent A,High,None,‚úÖ DONE,in-progress
2,White-Label UI Customization,Agent A,High,Task 1,‚úÖ Ready Now,pending
3,Configure Google OAuth Integration,Agent B,High,Task 1,‚úÖ Ready Now,pending
4,Implement Shared Authentication Session,Agent B,High,Task 3,‚è≥ Blocked,pending
5,Configure Model API Integration,Agent B,Medium,Task 1,‚úÖ Ready Now,pending
6,Set Up PostgreSQL Database for Langfuse,Agent C,High,Task 1,‚úÖ Ready Now,pending
7,Create Linking Table in Supabase,Agent B,Medium,Task 6,‚è≥ Blocked,pending
8,Implement 'Test in AI Platform' Button,Agent A,Medium,"Task 2, Task 4, Task 7",‚è≥ Blocked,pending
9,Display Evaluation Scores in Main App,Agent A,Medium,"Task 7, Task 8",‚è≥ Blocked,pending
10,Implement Cost and Usage Data Sharing,Agent B,High,"Task 6, Task 7",‚è≥ Blocked,in-progress
11,Set Up Subdomain and SSL,Agent C,High,Task 1,‚úÖ Ready Now,pending
12,Configure Docker Deployment,Agent C,High,"Task 1, Task 6",‚è≥ Blocked,pending
13,Implement Monitoring and Alerts,Agent C,Medium,Task 12,‚è≥ Blocked,pending
14,Implement Advanced Playground Features,Agent A,High,"Task 2, Task 5",‚è≥ Blocked,pending
15,Implement Full Tracing Functionality,Agent B,High,"Task 5, Task 14",‚è≥ Blocked,pending
16,Implement Evaluation System,Agent B,High,Task 15,‚è≥ Blocked,pending
17,Implement Dataset Management (Compressed),Agent B,Medium,Task 6,‚è≥ Blocked,pending
18,Implement Basic Experimentation System,Agent B,High,"Task 15, Task 16",‚è≥ Blocked,pending
19,Implement Essential Analytics,Agent B,Medium,"Task 10, Task 15",‚è≥ Blocked,pending
20,Implement Basic Prompt Management,Agent B,Medium,"Task 7, Task 8",‚è≥ Blocked,pending
21,Implement Minimal Team Training Module,Agent O,Low,"Tasks 14-20",‚è≥ Blocked,pending
22,Create Essential Documentation,Agent O,Medium,Task 21,‚è≥ Blocked,pending
23,Implement Basic Feedback Collection,Agent A,Low,"Task 2, Task 4",‚è≥ Blocked,pending
24,Perform Essential Security Checks,Agent C,High,"Tasks 3,4,5,6,11,12",‚è≥ Blocked,pending
25,Implement Basic Performance Optimizations,Agent C,Medium,"Tasks 12,13,14,15,18,19",‚è≥ Blocked,pending
26,Multi-Agent Langfuse Integration Orchestration,Agent O,High,None,üîÑ IN PROGRESS,in-progress
26.1,Fork Langfuse Repository,Agent A,High,None,‚úÖ DONE,done
26.2,Provision Core Infrastructure,Agent C,High,None,‚úÖ DONE,done
26.3,Initialize Frontend/UI Customization,Agent A,High,26.1,‚úÖ Ready Now,pending
26.4,Backend/API Preparation,Agent B,High,None,‚úÖ DONE,done
26.5,Define Multi-Agent Orchestration Plan,Agent O,High,"26.2, 26.3, 26.4",‚è≥ Blocked by 26.3,pending
26.6,Apply SambaTV White-Labeling,Agent A,High,"26.3, 26.5",‚è≥ Blocked,pending
26.7,Custom Backend Logic & APIs,Agent B,High,None,‚úÖ DONE,done
26.8,Configure CI/CD and Secrets Management,Agent C,High,"26.2, 26.5",‚è≥ Blocked by 26.5,pending
26.9,Integrate Multi-Agent Orchestration Layer,Agent O,High,"26.6, 26.7, 26.8",‚è≥ Blocked,pending
26.10,Deploy Staging Environment,Agent C,Medium,None,‚úÖ Ready Now,pending
26.11,Integrate Langfuse Tracing & Observability,Agent O,Medium,None,‚úÖ Ready Now,pending
26.12,Finalize Documentation & Production,Agent O,Medium,None,‚úÖ Ready Now,pending 